{"train_loss": [0.29472384265122503, 0.2819686413814242, 0.27550270401227933, 0.26751990967358535, 0.2624049616547731, 0.25637437797223145, 0.25131488097115207, 0.24601776647166565, 0.2396603996793811, 0.2346627670698441, 0.228672733458762, 0.22587028833536002, 0.2222937232313248, 0.2168195191770792, 0.21358022244217303, 0.20733795902476862, 0.20586242304685023, 0.20141220687387082, 0.19813448985895285, 0.1951747961485615], "train_accu": [0.0800747863247864, 0.11036324786324794, 0.12150106837606846, 0.14356303418803415, 0.1669604700854701, 0.18538995726495722, 0.18325320512820523, 0.20787927350427357, 0.23298611111111128, 0.24334935897435891, 0.26861645299145287, 0.2765224358974359, 0.29366987179487203, 0.3119925213675213, 0.32967414529914524, 0.34663461538461554, 0.3551549145299146, 0.3706196581196579, 0.3795138888888888, 0.3955662393162396], "valid_loss": [0.24802423727053863, 0.242033811715933, 0.23693095663419136, 0.23197830353791898, 0.22736179312834373, 0.2229717098749601, 0.21910079740560973, 0.2151613441797403, 0.2113529873582033, 0.20807470495884234, 0.20478427238189256, 0.20147812079924804, 0.19840412930800364, 0.19538040631092513, 0.1926612091752199, 0.18967042290247405, 0.187219215127138, 0.1847546799824788, 0.18192265354670012, 0.17935464072685975], "valid_accu": [0.1733805668016194, 0.21022267206477732, 0.24483805668016195, 0.29716599190283405, 0.31052631578947365, 0.3489878542510122, 0.3643724696356276, 0.3874493927125506, 0.41842105263157897, 0.43188259109311755, 0.4588056680161945, 0.4742914979757087, 0.4915991902834008, 0.5049595141700406, 0.5108299595141702, 0.5282388663967612, 0.5494939271255062, 0.5418016194331984, 0.5648785425101214, 0.570748987854251]}