{"train_loss": [0.28345857920511713, 0.2630280336119094, 0.25258358000022063, 0.24060996450343222, 0.23270153754724646, 0.222111229373599, 0.21375906315614593, 0.2064057098104144, 0.2002418205142021, 0.19500178305326768, 0.18965624375444537, 0.18399663327156374, 0.18078114781177268, 0.17501329615149858, 0.16980943467538312, 0.16722932490256598, 0.16354567386069388, 0.1595833865117352, 0.15512869949891883, 0.15305764448811424, 0.14920785436933895, 0.14730050975702844, 0.14584359844338218, 0.14208002481258142, 0.13897845189104666, 0.1384165591085857, 0.13516795754010946, 0.13298464910882823, 0.13010796038609632, 0.12977091300318827, 0.12889818895678476, 0.12644474895073557, 0.1249810572924479, 0.12481563950906385, 0.12176205274069084, 0.12135920268044156, 0.11750463094070272, 0.11763030926714528, 0.11672178852670598, 0.11424223045414349, 0.11255232775408142, 0.11399444908184825, 0.11138270005302608, 0.10993757024407387, 0.1090253778715741, 0.10945638290975454, 0.10669729363102957, 0.10566772672365296, 0.10646707531556768, 0.10501599980975097], "train_accu": [0.11375000000000014, 0.16563679245283044, 0.20054245283018887, 0.2304716981132077, 0.25728773584905645, 0.29405660377358483, 0.32235849056603794, 0.3479481132075469, 0.36764150943396207, 0.39542452830188696, 0.40424528301886764, 0.43573113207547204, 0.4455424528301885, 0.4638679245283017, 0.4873349056603774, 0.4919811320754719, 0.512641509433962, 0.5209198113207548, 0.5375471698113207, 0.5437971698113208, 0.5563207547169806, 0.5707075471698108, 0.5725235849056605, 0.5889622641509437, 0.5917452830188678, 0.5942216981132069, 0.6086084905660383, 0.6178301886792454, 0.6216037735849056, 0.6225943396226414, 0.6328066037735849, 0.6391509433962265, 0.6428066037735845, 0.6466745283018863, 0.6501650943396224, 0.6612499999999999, 0.6651179245283013, 0.6662735849056606, 0.6732311320754718, 0.6799764150943395, 0.6847169811320759, 0.6839858490566042, 0.6867688679245282, 0.693349056603773, 0.6995047169811314, 0.6960613207547167, 0.7041037735849061, 0.7090801886792455, 0.707948113207546, 0.712264150943396], "valid_loss": [0.23393338829723756, 0.2220989805993749, 0.21285600849051975, 0.2049981215551718, 0.1973250817451904, 0.19046358141436506, 0.1840286045821745, 0.17813442847621974, 0.17288992164739922, 0.16808058810767842, 0.1638328662114357, 0.15970125260637769, 0.15602128107601138, 0.15279229430120383, 0.1497854507013933, 0.14710568147363948, 0.14451379762656652, 0.14213675015897892, 0.13993840931511636, 0.1378105194933379, 0.13609669490981458, 0.13426413943073642, 0.1328270091716923, 0.13131769980067637, 0.12988479958096547, 0.12868475224544754, 0.12754606032994256, 0.126615882587077, 0.1254606303661617, 0.1242425060316698, 0.12344359428580128, 0.122843593915007, 0.12186803924503611, 0.12103068628417912, 0.12020859233479002, 0.11964758374352953, 0.11904980442417201, 0.11831910307727643, 0.1175546082320498, 0.1170433638478393, 0.11659205438040976, 0.11594903457965423, 0.11558785600893533, 0.1150326870048224, 0.11466996983360889, 0.11415796526777211, 0.11392456482150662, 0.11342712491750717, 0.11287773356064042, 0.11250312593001038], "valid_accu": [0.31716417910447775, 0.39776119402985083, 0.4485074626865671, 0.49179104477611957, 0.514179104477612, 0.5313432835820896, 0.5500000000000002, 0.56044776119403, 0.5716417910447762, 0.5753731343283582, 0.5865671641791046, 0.5932835820895522, 0.6037313432835818, 0.6164179104477613, 0.6238805970149253, 0.630597014925373, 0.6328358208955223, 0.6328358208955223, 0.6380597014925371, 0.644776119402985, 0.644776119402985, 0.6432835820895522, 0.6499999999999998, 0.6507462686567164, 0.6567164179104477, 0.6656716417910447, 0.6611940298507464, 0.662686567164179, 0.6694029850746269, 0.6686567164179104, 0.6716417910447762, 0.6701492537313433, 0.6776119402985074, 0.676865671641791, 0.67910447761194, 0.6843283582089549, 0.6813432835820895, 0.6865671641791042, 0.6850746268656716, 0.6940298507462683, 0.6932835820895522, 0.6925373134328358, 0.6992537313432834, 0.7000000000000001, 0.698507462686567, 0.6985074626865669, 0.6977611940298505, 0.6992537313432833, 0.7059701492537312, 0.7029850746268655]}