{"train_loss": [0.07239259441365611, 0.06905424111294296, 0.06994754234504587, 0.06917111329945191, 0.06797122162468029, 0.06769061138466843, 0.06795194112467316, 0.06760741522500538, 0.06735321847405636, 0.06869803493104454, 0.06773676664902355, 0.06619776118687301, 0.06567186379172611, 0.06612074508349289, 0.06410656902447062, 0.06378171135724153, 0.06306191654348711, 0.06363194504366168, 0.06483805119147841, 0.06257399944588542, 0.06287017199650126, 0.062237535051579744, 0.060986922154167914, 0.060492880744332414, 0.06121873427182436, 0.05981168054255112, 0.059735920180057016, 0.05980631717357714, 0.05932600421585002, 0.05865941602596134, 0.058460689546926965, 0.059021350896021105, 0.05844262973844724, 0.056840509112994625, 0.0563779242899058, 0.0578405762653587, 0.05593681850839617, 0.05653219729802519, 0.055091569773009365, 0.05603588942860095, 0.05553543374364106, 0.05414973797171183, 0.053213007742855346, 0.05375711928947635, 0.05332680382537392, 0.054009996484613645, 0.05320397970038203, 0.052651274392275876, 0.052379698695544645, 0.0520908671940835], "train_accu": [0.8152358490566041, 0.8280424528301893, 0.8193632075471706, 0.826297169811321, 0.8276650943396233, 0.8351886792452831, 0.8240566037735846, 0.8312971698113216, 0.8313207547169822, 0.8232783018867936, 0.8321933962264157, 0.8326650943396235, 0.8379009433962273, 0.833301886792453, 0.8415094339622643, 0.8406367924528307, 0.8425943396226424, 0.84318396226415, 0.8376179245283027, 0.8470047169811326, 0.8407311320754723, 0.8440801886792448, 0.8537735849056598, 0.8510849056603766, 0.8510377358490574, 0.8520990566037735, 0.8555188679245286, 0.8516037735849066, 0.8579009433962262, 0.8521226415094346, 0.8566981132075464, 0.8600943396226414, 0.8575943396226409, 0.8599764150943391, 0.8633726415094335, 0.8577122641509431, 0.8622877358490555, 0.8608962264150941, 0.8683490566037734, 0.8627594339622637, 0.8631132075471697, 0.8659905660377342, 0.8718160377358476, 0.8709198113207545, 0.8706367924528294, 0.8723820754716973, 0.8686792452830178, 0.8731132075471685, 0.8732547169811311, 0.872146226415094], "valid_loss": [0.10158334594609132, 0.10143682255006548, 0.10122776554146809, 0.1010727621614933, 0.1007472956692105, 0.10083365979701725, 0.10069391220363218, 0.10080469444171707, 0.10047738237389878, 0.1003238339699916, 0.10052388900918748, 0.1002696539595056, 0.10017268459743528, 0.10013821092781736, 0.09996701587936771, 0.09989135306495339, 0.09989166226404816, 0.09979674414689861, 0.09953295750849282, 0.09937034391645175, 0.09935985627903868, 0.09939392122314937, 0.09936862611281339, 0.09909726607043352, 0.09894233992073073, 0.0990073744263222, 0.09900097487800157, 0.09906825684566996, 0.09891296533951119, 0.09898244261519233, 0.09876215441235855, 0.09843440592956187, 0.098576369347857, 0.09859449805608436, 0.09840119852503734, 0.09827625223282557, 0.09848467077114689, 0.0982879485323358, 0.09823592385249351, 0.09828995084807055, 0.0981620649682052, 0.09808113075681586, 0.09796244050584622, 0.0978467610678566, 0.0979656406414153, 0.09798358503117491, 0.09774495032963468, 0.09772665843145172, 0.09754262230734327, 0.09805583292201384], "valid_accu": [0.7305970149253731, 0.7283582089552239, 0.7320895522388059, 0.7320895522388058, 0.7373134328358207, 0.734328358208955, 0.7328358208955222, 0.7350746268656714, 0.7313432835820894, 0.7358208955223878, 0.7320895522388058, 0.7373134328358208, 0.7335820895522388, 0.7320895522388058, 0.7350746268656715, 0.7358208955223878, 0.7350746268656714, 0.7328358208955222, 0.7343283582089551, 0.7417910447761192, 0.7410447761194029, 0.7380597014925372, 0.7417910447761192, 0.7373134328358206, 0.7395522388059701, 0.7410447761194028, 0.73955223880597, 0.7388059701492535, 0.7380597014925373, 0.7350746268656714, 0.734328358208955, 0.7440298507462686, 0.7410447761194029, 0.7388059701492536, 0.7373134328358207, 0.7358208955223879, 0.73955223880597, 0.7410447761194028, 0.7432835820895521, 0.7425373134328356, 0.7410447761194029, 0.7410447761194029, 0.7417910447761192, 0.7447761194029849, 0.7417910447761192, 0.73955223880597, 0.7432835820895521, 0.7417910447761192, 0.7417910447761192, 0.7328358208955223]}