{"train_loss": [0.14105590085486827, 0.10849015115439473, 0.10032136411203676, 0.09551298816476814, 0.09190987216643406, 0.0883029450267469, 0.08484426788663632, 0.08211707194305787, 0.07951552225332212, 0.07732310209013027, 0.07449119643937213, 0.07268201639649237, 0.07007940814912571, 0.0679040320433499, 0.06574431357796347, 0.06470135425808703, 0.06288516890411695, 0.060919308391024045, 0.05902975586385995, 0.05746343408677807, 0.055939254177960786, 0.054211818257548415, 0.05304240016239012, 0.05209088845506256, 0.05053842542083793, 0.049086553580084215, 0.04797179286208405, 0.0468627311642303, 0.04601199457093883, 0.04470539933811067, 0.04374313032760405, 0.0430106776746253, 0.041831612753443846, 0.04149670268500333, 0.04079934726779804, 0.039681887867571736, 0.03941785721250986, 0.03835449828931641, 0.038009747367519976, 0.0372099058596717, 0.03680562079883461, 0.035801604501047087, 0.03502651672737607, 0.03486135697966285, 0.03413275270863778, 0.033704674111059665, 0.0333041759788647, 0.032471460470765635, 0.03204339142083663, 0.031939025893330385], "train_accu": [0.602667910447762, 0.7020708955223866, 0.7283208955223868, 0.7427145522388047, 0.7538059701492507, 0.7637220149253664, 0.7748600746268509, 0.7824160447761039, 0.7908955223880446, 0.7980597014925175, 0.8043190298507255, 0.8105783582089292, 0.8176772388059398, 0.8242723880596725, 0.8293190298507114, 0.834300373134294, 0.8378824626865286, 0.8438712686566752, 0.8492817164178638, 0.8528638059701045, 0.8571361940297978, 0.8620149253730808, 0.8652705223880013, 0.8673227611939739, 0.8715858208954663, 0.8765391791044145, 0.8775466417909863, 0.880802238805906, 0.883992537313368, 0.8867350746268008, 0.8889179104476927, 0.892154850746199, 0.8945615671641101, 0.8956063432835123, 0.8975559701491889, 0.9005037313432147, 0.9007182835820229, 0.9046268656715692, 0.9057555970148584, 0.907276119402912, 0.9083955223879902, 0.9104197761193343, 0.9138619402984359, 0.9140764925372421, 0.915802238805898, 0.91691231343276, 0.9174813432835108, 0.920979477611865, 0.9216231343282845, 0.9216977611939559], "valid_loss": [0.09558987571969073, 0.08759712619192676, 0.08458837230217212, 0.08128346853104156, 0.08209294498369876, 0.07856191825191143, 0.0779932966031857, 0.07695008458990131, 0.07682087370941638, 0.07614137387188123, 0.07586363620166459, 0.07602108042433496, 0.07619304147309193, 0.0762771030851473, 0.07752431100851216, 0.077183993639765, 0.07752549331704739, 0.07761487285232992, 0.07821535773413714, 0.07991924069269296, 0.07915703882910693, 0.0818305291754972, 0.08146520971781887, 0.08159915347628768, 0.08334555171956586, 0.08455773126790057, 0.08479046864515873, 0.08577644653981482, 0.085844722957743, 0.08687991960266946, 0.08897533393582266, 0.09120063038065912, 0.09098382202928813, 0.09027872167431242, 0.09195039745410662, 0.09303655940878601, 0.09474003509690668, 0.0966236088770692, 0.09788635014019882, 0.09869293438832348, 0.0996362187751415, 0.10167083222678677, 0.10238286363872166, 0.10258072577066402, 0.102471806932047, 0.10385788524883482, 0.105548832679146, 0.10697690940248335, 0.10880830595613507, 0.11048467774381783], "valid_accu": [0.7400373134328341, 0.7629291044776088, 0.7693656716417885, 0.7770522388059659, 0.7782276119402937, 0.7901679104477564, 0.7926492537313381, 0.7904104477611898, 0.7943656716417863, 0.7945149253731296, 0.7976492537313391, 0.8013059701492488, 0.8004104477611894, 0.8016791044776083, 0.7984701492537263, 0.8021082089552195, 0.8027798507462641, 0.801679104477607, 0.8045708955223833, 0.802705223880592, 0.8025746268656667, 0.8022014925373094, 0.8012126865671602, 0.8025559701492484, 0.8040485074626817, 0.8016604477611885, 0.8030783582089513, 0.8036753731343242, 0.8014365671641734, 0.8032276119402925, 0.8018097014925318, 0.8033768656716372, 0.8021828358208899, 0.8033768656716365, 0.8020335820895472, 0.8031529850746215, 0.8012873134328298, 0.8030037313432784, 0.8041977611940244, 0.8006156716417853, 0.8003171641790991, 0.7999440298507419, 0.7989738805970098, 0.7982276119402936, 0.798749999999995, 0.8000932835820844, 0.7975559701492493, 0.7976305970149208, 0.7986007462686516, 0.7993470149253677]}