{"train_loss": [0.14629276064531252, 0.10880179964789209, 0.09942362400967084, 0.09346921994724298, 0.09009902088646532, 0.08740005477011281, 0.08414085892086452, 0.081507760728075, 0.07892515168362832, 0.07665452900258922, 0.07416839597495367, 0.0715744264585295, 0.06956022254910062, 0.06708202217348884, 0.06491126937650238, 0.06198310039346453, 0.06009556543732586, 0.058135320115882426, 0.05586748216417094, 0.05368715782150885, 0.05182633104513731, 0.05009788150826781, 0.048462860104806736, 0.046927529862777956, 0.04521627309236606, 0.04380609337438271, 0.04240662975088813, 0.04126487970218299, 0.03971077071054627, 0.03853175219062378, 0.03704035759198055, 0.03597106040685484, 0.03474868765365887, 0.03413809757132517, 0.03274669630674132, 0.03169060754172629, 0.031111634380470446, 0.030003495827422937, 0.029461596191723265, 0.02866866503003665, 0.027792550985887905, 0.027089575473984936, 0.026707437079006396, 0.026089245009863597, 0.025506191060053016, 0.024646339418565213, 0.024112385094562278, 0.023068206001645233, 0.02249212901814951, 0.02257982084801079], "train_accu": [0.5888074616922057, 0.7021539312774542, 0.7293567000530707, 0.7448926704231099, 0.7557684707370235, 0.7654021612710185, 0.7745209408417013, 0.7827905689991996, 0.7883049718266955, 0.7955244526248075, 0.8023362955769601, 0.8095569055657839, 0.8149527433688285, 0.8230959021669171, 0.8284697207511381, 0.8373191883377178, 0.8436144265405005, 0.8482616109034675, 0.8545252317663938, 0.8614223286170813, 0.864949920392054, 0.8704564188845823, 0.8757116724443563, 0.8792957237547809, 0.8833066091532153, 0.8876957734391705, 0.8927997154439358, 0.8952461071150262, 0.8991835951173717, 0.9024565543874618, 0.9060705292516755, 0.9089561761085718, 0.9130218272563955, 0.914942016057078, 0.9178169356022389, 0.9205642565972817, 0.9217978974468853, 0.924898090538495, 0.9266234939418739, 0.9290811775200541, 0.9328780812791279, 0.9325884438622617, 0.933361374902586, 0.9353995641323666, 0.9370927856005375, 0.9400343273975306, 0.9412674036517782, 0.9441315958852046, 0.9454296006052235, 0.9451185085648873], "valid_loss": [0.09557206343418534, 0.0841813752296705, 0.08102125765541712, 0.0773284504250791, 0.07576830159572447, 0.07430022243110025, 0.07348733633679959, 0.07226624956281015, 0.07136123857778812, 0.07126497734964252, 0.07060638326340024, 0.07018632353738742, 0.07007312878333735, 0.06949495266097411, 0.06982189433818514, 0.06905402553285349, 0.06921034547584978, 0.06968203662234913, 0.06926260229621856, 0.06975132773476965, 0.07052734493730049, 0.07120211681073106, 0.07140166327312564, 0.07185880494492503, 0.07219859571188152, 0.07264382854993831, 0.07429009624980518, 0.07448613267243356, 0.07523553522314085, 0.0761965937737941, 0.07678138730487599, 0.07784674168539618, 0.07894550909876893, 0.07981579428008322, 0.0814009316057513, 0.08209992310481136, 0.08373262947970382, 0.08471881020929997, 0.08441081047429516, 0.08578825452944862, 0.08738943903509681, 0.0873163226741489, 0.08960949470267886, 0.09061094939366852, 0.091539280554084, 0.09197162955581636, 0.0938057692836903, 0.094309488020771, 0.09581815679541647, 0.0977358110336903], "valid_accu": [0.7289308176100633, 0.7698113207547189, 0.7813893653516308, 0.7859348198970851, 0.7927101200686115, 0.7969982847341349, 0.7966552315608935, 0.8037735849056619, 0.8062607204116654, 0.8067753001715281, 0.8065180102915968, 0.8077186963979432, 0.8112349914236723, 0.8125214408233287, 0.8132933104631229, 0.8185248713550612, 0.8174099485420254, 0.8142367066895383, 0.8171526586620932, 0.8201543739279596, 0.8161234991423677, 0.8170668953687835, 0.8165523156089203, 0.8176672384219562, 0.816638078902231, 0.8155231560891949, 0.815180102915953, 0.8145797598627794, 0.8162092624356782, 0.8166380789022308, 0.8150085763293319, 0.8162092624356786, 0.8153516295025737, 0.8160377358490573, 0.8155231560891948, 0.81466552315609, 0.8157804459691262, 0.8132933104631227, 0.8122641509433972, 0.8131217838765015, 0.8118353344768454, 0.8150943396226421, 0.8125214408233286, 0.8142367066895381, 0.8144939965694689, 0.8130360205831915, 0.8129502572898811, 0.8116638078902237, 0.8132075471698123, 0.8098627787307039]}