{"train_loss": [0.1641908344107719, 0.1357008197692762, 0.12554176657233707, 0.11936360875844201, 0.11520004262854082, 0.11201938240760557, 0.10923712915492287, 0.1070035765064464, 0.10498277443088372, 0.10312380714224859, 0.10161778160852325, 0.10030583683289736, 0.09906175377982998, 0.0977300207874386, 0.09655382070278791, 0.09532099282609449, 0.09431498179425733, 0.09340879258038344, 0.09228189355440965, 0.09134153095883175], "train_accu": [0.5108920871366999, 0.61266170129361, 0.6444839558716449, 0.6633435067480542, 0.6768620148961207, 0.6858388867110975, 0.6947121576972606, 0.701642213137701, 0.7077014616116934, 0.7139217113736862, 0.7178585428683415, 0.7226031808254463, 0.7257490059920435, 0.7300904407235215, 0.7332264658117268, 0.737058296466371, 0.7401215209721684, 0.7429845438763523, 0.7470011760094117, 0.7490941927535354], "valid_loss": [0.126770002279469, 0.11622501637634812, 0.11079442982536444, 0.10691438674045901, 0.104279191966848, 0.10215976935562349, 0.10063792572286276, 0.09903712615043765, 0.09814043452840614, 0.09686897671875322, 0.09631201371373721, 0.0954601305607411, 0.09471905224469014, 0.09413479491851413, 0.09365606032381985, 0.09318372559351233, 0.0928964310814074, 0.092383724282401, 0.09208907331709124, 0.09168555231433757], "valid_accu": [0.6494626063591585, 0.6766233766233769, 0.6907971339005834, 0.7015673981191235, 0.710322436184507, 0.7166144200626967, 0.7199283475145549, 0.7254590237348864, 0.7276309896999552, 0.7317062248096727, 0.7335423197492165, 0.7355575459023734, 0.7384908195253022, 0.7404388714733543, 0.7416703985669504, 0.742207792207792, 0.7428795342588437, 0.7450962830273165, 0.7448499776085973, 0.7465965069413335]}