{"train_loss": [0.09037884325602658, 0.0896324470397545, 0.0885856546879444, 0.0877058022057752, 0.08682120656772481, 0.08602041930719412, 0.08500734240467762, 0.08421421583543508, 0.0833809498218011, 0.08289830461741095, 0.08193706387789862, 0.081060685527804, 0.0801873763558697, 0.07956746513696869, 0.07880040016860819, 0.07821377318694803, 0.0774728431325547, 0.07661668103413166, 0.07581836627028057, 0.0750766493735346], "train_accu": [0.7528952231617846, 0.7539494315954516, 0.757453659629273, 0.7602886823094566, 0.7626575012600052, 0.7655569244553942, 0.7680069440555481, 0.7709735677885424, 0.7730847846782725, 0.7746205969647726, 0.7777258218065712, 0.7803116424931346, 0.782501260010078, 0.7846012768102061, 0.7867278938231479, 0.7884989079912614, 0.7911211289690279, 0.7931917455339624, 0.796399171193365, 0.798006384051063], "valid_loss": [0.09141656478046971, 0.0910614802774444, 0.09087021303130835, 0.09058212394381097, 0.0904383191040584, 0.09006817602672174, 0.09005500256107679, 0.08990120626418809, 0.08956661975145527, 0.08954889834781318, 0.0892534123118875, 0.08915385632349059, 0.08901431375970181, 0.08904154108319243, 0.08884472781988308, 0.08878702686393056, 0.08868730991313037, 0.08857421603794528, 0.08852965101029138, 0.08852008784559347], "valid_accu": [0.7478728168383321, 0.748656515897893, 0.7497536945812794, 0.7501567398119106, 0.7507165248544548, 0.7516569637259275, 0.7515897895208231, 0.7533363188535581, 0.7540976265114175, 0.7544782803403476, 0.7549037169726812, 0.7560232870577686, 0.7552395879982069, 0.7556202418271366, 0.7563143752798902, 0.7574115539632764, 0.7570309001343466, 0.7579489476041188, 0.758777429467083, 0.7581504702194343]}