{"train_loss": [0.0823632531613459, 0.0815001456146893, 0.08063132656275976, 0.07981308906672717, 0.0788882631540938, 0.0780998019835175, 0.07803221488190787, 0.07725321533342601, 0.07668469952099692, 0.0759159106245167, 0.07507582865064658, 0.07429968312837934, 0.07403983967656742, 0.07344324541809871, 0.07287202611541264, 0.07234735287753725, 0.0720830070179776, 0.07134100359068739, 0.07099154712458544, 0.0706571682933162], "train_accu": [0.7794843962008197, 0.7809752374491198, 0.78491350067843, 0.7871938602442354, 0.7885651289009522, 0.7910481682496644, 0.7915951492537303, 0.7935558005427422, 0.7953298846675727, 0.7978561736770745, 0.7995836160108561, 0.8011338195386721, 0.8027179443690655, 0.8047812075983753, 0.8061770691994584, 0.8067664518317538, 0.8086414518317531, 0.8103095318860294, 0.8114043419267354, 0.8133132632293125], "valid_loss": [0.07664034579560827, 0.07632206759290464, 0.0758654229287336, 0.0755055466805821, 0.07537360283365445, 0.07501672531353004, 0.0745515656615816, 0.0742685672827065, 0.07421341661030233, 0.0739843603459868, 0.07393987807236722, 0.07357720714618465, 0.07348441628516833, 0.07327444462328037, 0.07315503537321269, 0.07293646770265343, 0.07275961252179608, 0.07238867466768889, 0.07241084853520811, 0.07212858384252707], "valid_accu": [0.7918407960199007, 0.791973466003317, 0.792960199004975, 0.7942288557213933, 0.7939303482587069, 0.7955555555555556, 0.7963847429519076, 0.7961028192371481, 0.7966915422885579, 0.7974212271973473, 0.7983333333333337, 0.7982421227197353, 0.7987064676616925, 0.7992288557213933, 0.799676616915424, 0.7997429519071315, 0.8007877280265345, 0.8019817578772811, 0.8009369817578774, 0.8019071310116087]}