{"train_loss": [0.17700055305804335, 0.1405969968371427, 0.12753501716764895, 0.11841125873042577, 0.11207964413542189, 0.10758045171561248, 0.10362553365264478, 0.10087185632819727, 0.0983562784015771, 0.0961050170744811, 0.09418476639982702, 0.09236129799895962, 0.09090197268915154, 0.08917603214486822, 0.0880702047042354, 0.08697953315333588, 0.08587343966928936, 0.08494789251682362, 0.0840000579387311, 0.0831949616528686], "train_accu": [0.4756860583446418, 0.6060922659430118, 0.6469487788331075, 0.6728349728629597, 0.6930045793758488, 0.7062907055630927, 0.7191129579375851, 0.7258556648575318, 0.7347998643147894, 0.7400890434192685, 0.7452103120759854, 0.7512661126187258, 0.7543164857530547, 0.7597981682496607, 0.7623261533242898, 0.7658336160108559, 0.768663500678427, 0.772092944369066, 0.7750686906377229, 0.7771879240162826], "valid_loss": [0.12223335513984089, 0.10939752055304264, 0.1015733561965067, 0.0959559358434001, 0.09268658281540249, 0.08995250131267665, 0.08829886733985214, 0.08626406283965751, 0.08479885460475266, 0.08371259249997005, 0.08259430257603526, 0.08179098822510064, 0.08142724319486254, 0.0804588850031593, 0.07987163021270909, 0.07909983251132627, 0.07826234998264864, 0.07792979408917365, 0.0776220791987074, 0.07693928428022052], "valid_accu": [0.6588142620232177, 0.6980845771144277, 0.7240547263681589, 0.741077943615257, 0.749212271973466, 0.7566832504145937, 0.7613847429519071, 0.7663847429519074, 0.7708623548922063, 0.772578772802654, 0.7766086235489228, 0.7789220563847431, 0.778623548922057, 0.782280265339968, 0.7852570480928692, 0.7854228855721398, 0.7884825870646766, 0.7892288557213937, 0.7900497512437816, 0.7915422885572142]}