{"train_loss": [0.1048333273392241, 0.10106024952289068, 0.10093960035240875, 0.10105478403703222, 0.10038316987876622, 0.09862304559012629, 0.09895449547132232, 0.09740346395322737, 0.09759651268568803, 0.09684198135334365, 0.09509469492817825, 0.09534231043368016, 0.09315625311420211, 0.09246805457152285, 0.09195901560684983, 0.0912690973858226, 0.09099335274746957, 0.08999118645025311, 0.08956571852190877, 0.08786201313278585, 0.08846753388291823, 0.0870404732852893, 0.08715109549954815, 0.08543884815683342, 0.08594149958764044, 0.08520854819776877, 0.08385416676975646, 0.08268606119771611, 0.08349986090061237, 0.0823671295219716, 0.08178316365646304, 0.08140893842814104, 0.07971803587773499, 0.07966787542374629, 0.07807777033380742, 0.07835255510191311, 0.07713239772139856, 0.07779256856104114, 0.07804729316102446, 0.0769273445396772, 0.07506486083257873, 0.07620660889331463, 0.07565114968368468, 0.07428141971171465, 0.07538464452087316, 0.07426013816850928, 0.07327228217684435, 0.07278263550603165, 0.07203369593282916, 0.07119479840797073], "train_accu": [0.712783018867925, 0.7242216981132076, 0.7219575471698112, 0.7226886792452831, 0.7244103773584909, 0.7328066037735855, 0.7325235849056593, 0.7381367924528308, 0.7345047169811332, 0.7367688679245288, 0.7433490566037744, 0.740330188679246, 0.7512735849056601, 0.7497169811320754, 0.7524292452830196, 0.7542452830188693, 0.7576415094339628, 0.7590094339622646, 0.7629716981132078, 0.7635849056603781, 0.760896226415094, 0.7721226415094349, 0.7724292452830199, 0.7742216981132084, 0.7743867924528304, 0.778797169811322, 0.7797877358490576, 0.7900235849056609, 0.7825471698113214, 0.782405660377359, 0.7852358490566045, 0.791533018867925, 0.7975235849056609, 0.7957311320754731, 0.7979481132075473, 0.7976415094339637, 0.7995518867924534, 0.7979481132075485, 0.8028773584905655, 0.8033254716981141, 0.8050235849056608, 0.80558962264151, 0.8046226415094337, 0.8112735849056617, 0.8065094339622655, 0.8111320754716989, 0.8132311320754723, 0.8170283018867938, 0.8172641509433966, 0.82125], "valid_loss": [0.11203457848794425, 0.11158576340817694, 0.11121161448866573, 0.11115752293992398, 0.11079969585164269, 0.1102409711413419, 0.11019031130778256, 0.10986562584763143, 0.1096326479160074, 0.10920314980086995, 0.10879803732482356, 0.10863600081917066, 0.10849436150113148, 0.10803605260244056, 0.10793978420656118, 0.10745580010672114, 0.1075389167822119, 0.10707345593776275, 0.10681454147865523, 0.10662853801205976, 0.1063839515754536, 0.10615368799042346, 0.10585694615520648, 0.10593358560729382, 0.10541588229252331, 0.10535035849507175, 0.10502648197892886, 0.10509310851791012, 0.10490349741346801, 0.10450484358997487, 0.10466064318124928, 0.10431418762500606, 0.10399548942918208, 0.10363096248970102, 0.10366432413236419, 0.10343950469769649, 0.10335335730394321, 0.10319815665038663, 0.10319772918722522, 0.10291763678637904, 0.10271681650583424, 0.10246888164486458, 0.10239797002121584, 0.10232051445254639, 0.10220186006444604, 0.10198802929093588, 0.10205572554424627, 0.10169843300732213, 0.10153982476956809, 0.10140219347468063], "valid_accu": [0.7082089552238805, 0.7082089552238804, 0.7104477611940295, 0.7074626865671639, 0.7111940298507461, 0.7111940298507461, 0.707462686567164, 0.7097014925373131, 0.7074626865671639, 0.7126865671641789, 0.7171641791044777, 0.7179104477611938, 0.7156716417910447, 0.7156716417910446, 0.7119402985074625, 0.7171641791044775, 0.7171641791044774, 0.7141791044776117, 0.7179104477611937, 0.7201492537313431, 0.7201492537313432, 0.7194029850746266, 0.716417910447761, 0.7186567164179102, 0.7231343283582087, 0.7194029850746267, 0.7231343283582089, 0.7231343283582089, 0.7223880597014923, 0.7238805970149252, 0.721641791044776, 0.7223880597014924, 0.7253731343283581, 0.7268656716417907, 0.7231343283582088, 0.7261194029850746, 0.7246268656716417, 0.7238805970149251, 0.7246268656716417, 0.7276119402985074, 0.7298507462686568, 0.7283582089552237, 0.7261194029850744, 0.7283582089552239, 0.7276119402985073, 0.7298507462686565, 0.7298507462686565, 0.7283582089552239, 0.7320895522388058, 0.7320895522388058]}