{"train_loss": [0.1892127293762452, 0.13483354989553925, 0.11573611781748115, 0.10237785742807357, 0.09177043015201206, 0.08312513907960138, 0.07432738391775884, 0.0666443975871673, 0.05842478105736112, 0.051589814729811646, 0.04472396211991891, 0.0388221557492926, 0.03269844587028957, 0.028252616385602055, 0.023087275743276854, 0.019781163722319077, 0.017462137718369616, 0.014652556379929982, 0.01354104964744579, 0.012132452471903228], "train_accu": [0.40488126649076556, 0.6043975373790673, 0.6663148636763422, 0.7107299912049253, 0.7464819700967454, 0.7709322779243627, 0.7982409850483728, 0.8191732629727353, 0.8459542656112589, 0.8653034300791569, 0.8843887423043104, 0.9004397537379081, 0.9158311345646476, 0.9314863676341304, 0.9418205804749391, 0.9524186455584935, 0.957695690413376, 0.9640721196130246, 0.9687335092348337, 0.9711961301671124], "valid_loss": [0.1428431942537948, 0.1203234799049951, 0.11265298698123519, 0.10489505039645242, 0.10357959356185023, 0.10139909769584249, 0.1018085666131098, 0.10076884762546816, 0.10292403208469594, 0.1092267782798597, 0.10872842925047124, 0.1204289603275019, 0.12037694986935679, 0.13422062134669793, 0.14979940394942576, 0.15068464539945126, 0.16807614180904168, 0.17241723504620832, 0.17533384755879014, 0.18332998350366847], "valid_accu": [0.587062937062937, 0.6629370629370631, 0.6842657342657347, 0.707692307692308, 0.7048951048951045, 0.7220279720279718, 0.7248251748251747, 0.7328671328671327, 0.7377622377622379, 0.7276223776223777, 0.7328671328671327, 0.732167832167832, 0.7437062937062936, 0.7321678321678321, 0.7286713286713282, 0.7318181818181816, 0.7202797202797201, 0.7272727272727271, 0.7251748251748253, 0.7227272727272729]}