{"train_loss": [0.06960895914226464, 0.06953525739433522, 0.06861186223035094, 0.06865296589519912, 0.06778994956750548, 0.0675504229723045, 0.06694303592302099, 0.06657105522124278, 0.066390817515976, 0.0656072730470428, 0.06536035896860995, 0.06458425375827546, 0.06436135005275372, 0.06365555613345134, 0.06345592799766768, 0.06266900108929084, 0.06220122846416823, 0.06225969184706085, 0.06166158862474527, 0.061065265632655], "train_accu": [0.8147142130257843, 0.8164306309362304, 0.8184345318860287, 0.8173990841248373, 0.8210574966078725, 0.819973710990503, 0.8227569538670326, 0.8241545115332454, 0.8262160786974262, 0.8265985413839945, 0.8275110244233423, 0.8317460990502052, 0.8302628900949839, 0.8317460990502068, 0.8332886702849425, 0.8341171981004124, 0.8367757801899607, 0.8362703527815507, 0.8372795115332428, 0.8396845318860259], "valid_loss": [0.07198474644335794, 0.07216608011956091, 0.07202223684332931, 0.07155798058678854, 0.0718778814925854, 0.0716274852155527, 0.07122571934014559, 0.0711375183314641, 0.07140745531016988, 0.07122399128639877, 0.07109527686861024, 0.07093851157227782, 0.07141273237570231, 0.07086285509363706, 0.07114398488079879, 0.07069472497773927, 0.07059994605022357, 0.0704097691881679, 0.07073788238522499, 0.07051153400245665], "valid_accu": [0.8023548922056385, 0.802421227197347, 0.8032421227197349, 0.8045936981757875, 0.8025041459369822, 0.803847429519072, 0.8042205638474302, 0.8058623548922061, 0.8034660033167499, 0.8049668325041462, 0.8051907131011616, 0.8056384742951914, 0.8052653399668332, 0.805713101160863, 0.8053399668325049, 0.807354892205639, 0.8087728026534002, 0.8077280265339972, 0.8081757877280276, 0.8084742951907135]}