{"train_loss": [0.2709278824475576, 0.21765265671430895, 0.18489426117179528, 0.16684327562040877, 0.1541579092694622, 0.14634364154189825, 0.13890057232160613, 0.13209060279406468, 0.12860049176961183, 0.12348201234807384, 0.12031341152406246, 0.11640073308404887, 0.11417890090389915, 0.1113157499511287, 0.10959086520597339, 0.10499446047118531, 0.10232185338676539, 0.099496867345154, 0.09846185193010518, 0.0970004010001057, 0.09365501099107963, 0.09203086344718511, 0.08868531978223473, 0.0862536795727276, 0.0855764610587426, 0.08332690055359085, 0.08032227485783328, 0.07998110551237708, 0.07712290062621799, 0.07511519627680756, 0.0748865019244511, 0.07274370956397176, 0.07087372928365784, 0.06812338132195983, 0.06618369449465974, 0.06482178356887264, 0.06282232486871335, 0.06103835304515911, 0.059191595369132835, 0.057672723346908206, 0.056267069194263795, 0.05488773892723674, 0.0525008441866068, 0.0505079728270055, 0.049001224264326806, 0.04932415620478766, 0.04581154928227474, 0.04535735275350371, 0.0429895470583293, 0.04223546088982883], "train_accu": [0.1807547169811316, 0.3249371069182388, 0.4244025157232707, 0.5042767295597488, 0.541320754716981, 0.5702515723270454, 0.6001886792452836, 0.6164779874213849, 0.6308490566037749, 0.6451572327044042, 0.6530188679245303, 0.6707861635220141, 0.6791509433962277, 0.6864779874213854, 0.6882704402515737, 0.7052201257861649, 0.7146226415094346, 0.7209433962264157, 0.7253773584905668, 0.7331132075471694, 0.7413836477987406, 0.7482075471698116, 0.7585849056603756, 0.7686163522012558, 0.7672641509433928, 0.774748427672955, 0.7860691823899337, 0.7849999999999971, 0.7935220125786125, 0.8013522012578572, 0.8018238993710655, 0.8041823899371039, 0.8112264150943351, 0.8261320754716925, 0.8279245283018809, 0.8267924528301823, 0.8384905660377292, 0.8402830188679183, 0.8455660377358435, 0.8505974842767235, 0.8607861635220055, 0.8604716981131991, 0.8687106918238924, 0.8723899371069099, 0.8737735849056519, 0.8757861635220051, 0.883396226415085, 0.8860377358490482, 0.8933018867924447, 0.8979245283018787], "valid_loss": [0.19548057042118303, 0.16326374358924708, 0.1440497845747417, 0.13398488560565433, 0.12921181654459551, 0.12255674645416718, 0.11918381943290395, 0.11641575247609526, 0.11383600264115441, 0.11275386140870869, 0.11080644772689145, 0.10878693374027883, 0.10903707171853323, 0.10763908650978167, 0.10637224728899791, 0.10432564990973114, 0.1041123922494121, 0.1027115305843658, 0.10333646405348204, 0.10218694520399983, 0.102024132287816, 0.10342515030301604, 0.10072963558753631, 0.10056886645524125, 0.10035124006576109, 0.10095428512956862, 0.0988715360487314, 0.09947448652377702, 0.09927310265208546, 0.09988626339157722, 0.09896634755782167, 0.09800376997966516, 0.09862698872286574, 0.09855945601611209, 0.1001967838300126, 0.09768558737534777, 0.09865088113828709, 0.09811307879206829, 0.09905025683679528, 0.09834069507966813, 0.09866797045937606, 0.0991006805036301, 0.09858151827763795, 0.09782996002052512, 0.09809526333347299, 0.09956924111715384, 0.09933344671096568, 0.09928864038976512, 0.09946166130160927, 0.09949133130616712], "valid_accu": [0.49661654135338335, 0.5620300751879701, 0.6131578947368422, 0.6349624060150377, 0.6342105263157893, 0.6721804511278193, 0.6842105263157893, 0.6902255639097743, 0.6947368421052632, 0.7045112781954885, 0.6958646616541353, 0.7157894736842104, 0.7105263157894738, 0.7135338345864659, 0.7195488721804512, 0.7225563909774436, 0.7210526315789472, 0.7248120300751878, 0.7248120300751878, 0.726315789473684, 0.7300751879699245, 0.7161654135338347, 0.7368421052631576, 0.7345864661654135, 0.7349624060150374, 0.7360902255639097, 0.7383458646616542, 0.7458646616541352, 0.7360902255639094, 0.732330827067669, 0.7421052631578947, 0.7466165413533832, 0.7360902255639098, 0.738345864661654, 0.7368421052631579, 0.7421052631578945, 0.7451127819548873, 0.7383458646616541, 0.7443609022556392, 0.7383458646616542, 0.7451127819548871, 0.7368421052631577, 0.7390977443609019, 0.7421052631578946, 0.7481203007518799, 0.7300751879699248, 0.7413533834586467, 0.7443609022556391, 0.743609022556391, 0.7383458646616538]}