{"train_loss": [0.08237334710090602, 0.08152317795937242, 0.08064540168635352, 0.0798219489531397, 0.07889357463199534, 0.07810860222983938, 0.07803319705782263, 0.07724757364554914, 0.07668530617374927, 0.07590800288546858, 0.07510123287914877, 0.0743147457263488, 0.07405023366862686, 0.07347144918957614, 0.0728725466175255, 0.07236608284518622, 0.07209007725060515, 0.07133984697162549, 0.07100231701164131, 0.07066047356460493], "train_accu": [0.7795590230664904, 0.7806487449118057, 0.7846412822252417, 0.7872125169606535, 0.7884531886024447, 0.7907403324287687, 0.7915205223880575, 0.7935837856173676, 0.7953671981004093, 0.7982572930800593, 0.7993037652645875, 0.8013017299864323, 0.8028485413839909, 0.8051543419267341, 0.8063263229308019, 0.8068037652645896, 0.8086041383989189, 0.8106733378561775, 0.8114882971506161, 0.8130520691994607], "valid_loss": [0.07664621661820296, 0.07633247996833342, 0.07587034994347104, 0.07551165538381285, 0.07538072455452005, 0.07504289150655047, 0.0745739839415052, 0.074296757092338, 0.07423541412007675, 0.07400246792987211, 0.07397471531919801, 0.07360604198705127, 0.07350711422597073, 0.07330324738772948, 0.07319019781842605, 0.07298324073928951, 0.07280219839190814, 0.07241491386666894, 0.07242403059447212, 0.07214636631838199], "valid_accu": [0.7922885572139304, 0.7927363184079607, 0.7930348258706468, 0.7949004975124382, 0.7946019900497515, 0.7957131011608626, 0.7960116086235498, 0.7966998341625212, 0.7969154228855727, 0.7973466003316756, 0.797885572139304, 0.797794361525705, 0.7990796019900502, 0.7996766169154231, 0.7994444444444451, 0.7998922056384745, 0.8005638474295194, 0.8013101160862359, 0.8007877280265342, 0.8019734660033169]}