{"train_loss": [0.06960174282369858, 0.06953360570990828, 0.06858548922724883, 0.06862624638362913, 0.06778594132464157, 0.06754556965194086, 0.06695080109013578, 0.06655505444878823, 0.06636062049282604, 0.0655968006136445, 0.06535667693372746, 0.06456392569199844, 0.06432685746581975, 0.06364769000445368, 0.06347469349622852, 0.06267215501153911, 0.06218485304766071, 0.06225771367664574, 0.06165256322293765, 0.06104660310266442], "train_accu": [0.8143504070556339, 0.8164586160108568, 0.8182386363636408, 0.8177891791044828, 0.8205257801899615, 0.8199084124830429, 0.8224491180461379, 0.8240052578019009, 0.8265612279511585, 0.8265612279511573, 0.8276526458616055, 0.8318207259158772, 0.830785278154686, 0.8319606512890126, 0.8332047150610618, 0.8341078697422021, 0.8369996607869757, 0.8368953527815506, 0.837606004070557, 0.8401322930800553], "valid_loss": [0.0720060093912171, 0.0721868073526047, 0.072027907124373, 0.07156851539916512, 0.07187640242306377, 0.07164239324212297, 0.0712304181627818, 0.07114633261851633, 0.0714139473277019, 0.07125557861499378, 0.07111269581173338, 0.07092828735041974, 0.07140824082655026, 0.0708528923524071, 0.07114887521393708, 0.07069348309800697, 0.07059235309820566, 0.07041184609033056, 0.07072045056621976, 0.07049260351723477], "valid_accu": [0.8016086235489224, 0.8024212271973469, 0.8010779436152576, 0.8044361525704811, 0.8018325041459374, 0.8028026533996686, 0.8036235489220569, 0.8055638474295196, 0.8032421227197357, 0.8039220563847438, 0.8041459369817588, 0.8048175787728034, 0.8045936981757886, 0.8057877280265348, 0.8048175787728035, 0.8069817578772808, 0.8081757877280273, 0.8072056384742958, 0.8065339966832513, 0.8075041459369824]}