{"train_loss": [0.060914613168995914, 0.06027690436814411, 0.05996882485446465, 0.059158005446383256, 0.05899239082016231, 0.058535477563082035, 0.05835999216851361, 0.05788688362973964, 0.05739412659487284, 0.05676750872716822, 0.056616727385579595, 0.055566193620021, 0.055531148339618246, 0.0549773180268274, 0.05467612916419505, 0.054093827564380505, 0.05407917377766597, 0.05328073293086204, 0.05296335462776166, 0.05228822831609182], "train_accu": [0.8404248643147948, 0.8428782225237459, 0.8427349050203534, 0.844572591587518, 0.8451212686567164, 0.8478205563093655, 0.847020013568524, 0.8489772727272744, 0.8506733378561779, 0.8522235413839876, 0.8526526458615976, 0.8557013229307991, 0.855412143826322, 0.8566434871099012, 0.8591282225237471, 0.8593563432835795, 0.8594903324287626, 0.8615518995929411, 0.862697591587515, 0.8648600746268622], "valid_loss": [0.07053230205800996, 0.07046845291755092, 0.0706370612926114, 0.07044119537988705, 0.07016743768784982, 0.07059641156707015, 0.07016928315496267, 0.07018618799968442, 0.07049145930821993, 0.07006459713343587, 0.0701912227628836, 0.0703265056055762, 0.0703031899365805, 0.070227537469577, 0.07021567721698266, 0.07042262568486048, 0.07063284723449555, 0.07027507037786183, 0.07023162766804557, 0.0701929193705932], "valid_accu": [0.8063847429519079, 0.8075041459369828, 0.8076533996683258, 0.8071310116086241, 0.8084742951907138, 0.8084742951907143, 0.8092951907131025, 0.8083996683250421, 0.8063847429519078, 0.809742951907132, 0.8083996683250416, 0.8084742951907137, 0.8086981757877284, 0.8100414593698181, 0.811310116086236, 0.8101160862354893, 0.8101160862354898, 0.8110862354892208, 0.8110116086235488, 0.8123548922056382]}