{"train_loss": [0.18783246673512877, 0.13991530082727732, 0.12351149245443051, 0.11201078542753269, 0.10346367839200978, 0.09608148995852261, 0.08915996059709996, 0.08324001205006712, 0.07715646558228814, 0.07171737384704645, 0.06653727574698758, 0.061192834259648075, 0.05610293293731254, 0.05171519062040668, 0.04685054486617446, 0.04175898702325005, 0.0373113700923951, 0.03312524386044396, 0.02906444297874706, 0.02583522858555641], "train_accu": [0.41835526315789484, 0.5848903508771928, 0.6441447368421052, 0.6785087719298238, 0.7070394736842104, 0.7306140350877189, 0.7549342105263159, 0.7743201754385967, 0.7922587719298246, 0.8097149122807019, 0.8241447368421057, 0.840811403508773, 0.8560964912280703, 0.8703070175438604, 0.8819517543859651, 0.8965789473684204, 0.9104824561403503, 0.9218421052631577, 0.9312280701754377, 0.9402631578947357], "valid_loss": [0.14985257181627998, 0.13017493357946133, 0.12196539111178496, 0.11951698594052217, 0.11198215700429061, 0.1076651621481468, 0.10561616872919016, 0.10289553373024382, 0.10084490529422102, 0.10345282816681368, 0.1012784075634233, 0.10324111041323893, 0.10275192455998783, 0.11719008355305113, 0.11064579106610396, 0.11272294767971697, 0.12776477866131683, 0.11452267370347319, 0.12445085701243631, 0.12919406978220777], "valid_accu": [0.5663875205254516, 0.6328571428571428, 0.6535467980295566, 0.6601477832512316, 0.6750574712643678, 0.7009688013136287, 0.7007553366174055, 0.7177339901477832, 0.7262725779967161, 0.7179967159277504, 0.7244170771756978, 0.7308866995073892, 0.7316584564860427, 0.6929064039408867, 0.7186863711001643, 0.7286863711001645, 0.6949261083743841, 0.7304926108374384, 0.7117405582922826, 0.7120032840722494]}