{"train_loss": [0.17700058308694122, 0.14059628179825065, 0.12753123863906002, 0.11840973963001881, 0.11207674427249872, 0.10758218848765064, 0.10362466537609084, 0.10086821712546551, 0.09835883057902137, 0.0961078994466103, 0.09418198166401195, 0.09235619553816574, 0.09089986992332695, 0.08917301375794211, 0.08806715816773697, 0.0869705246109863, 0.0858704166366969, 0.08493791322880632, 0.08398865070802146, 0.08318892074853126], "train_accu": [0.4756860583446419, 0.6061202510176389, 0.6467248982360927, 0.6730588534599741, 0.6930418928086842, 0.706383989145182, 0.7190756445047499, 0.7257996947082784, 0.7347718792401631, 0.7401916553595667, 0.745228968792403, 0.7515646200814122, 0.7543817842605166, 0.7598448100407057, 0.7628205563093644, 0.7659175712347365, 0.7684582767978309, 0.7722235413839916, 0.7751339891451862, 0.7774677747625502], "valid_loss": [0.12223202410473752, 0.10939539755458262, 0.10157184533274441, 0.09595642678106009, 0.09267864049092603, 0.08995166415932464, 0.08830131057427446, 0.08627263771147647, 0.08480569444763572, 0.08372897608622686, 0.08260846896124864, 0.08180115297853724, 0.08144354335407712, 0.08046651070159096, 0.07986834414108698, 0.0790979062651854, 0.078267949125938, 0.07793918238646949, 0.07762501829845914, 0.0769403127244493], "valid_accu": [0.6586650082918744, 0.6979353233830845, 0.7239883913764507, 0.740854063018242, 0.7486152570480927, 0.7563101160862357, 0.7614593698175788, 0.766683250414594, 0.7710116086235492, 0.7724295190713105, 0.7757877280265346, 0.7779519071310119, 0.7781011608623556, 0.7819734660033177, 0.7850331674958543, 0.785199004975125, 0.7885572139303483, 0.7892951907131017, 0.7906467661691546, 0.790572139303483]}