{"train_loss": [0.23338538516799678, 0.17101316006020972, 0.1466917109417809, 0.13533600219769354, 0.12605198174843724, 0.11947805481808979, 0.11322011279556675, 0.1080999742318363, 0.1051041711696569, 0.09943155916788383, 0.09530741980950261, 0.09236399500180952, 0.0892711420155843, 0.08471175832121655, 0.08179783334507337, 0.07888270723102662, 0.07539900535866124, 0.07313329927681178, 0.06869014099422063, 0.06593844863716417, 0.06294422491711485, 0.05916533957158575, 0.05538986516596613, 0.054192814595767316, 0.05109214288944987, 0.04774769123082806, 0.04673207894692929, 0.04408409159316745, 0.04097348482038522, 0.0385110523667079, 0.03640542711579242, 0.03409198245822324, 0.03223057014249194, 0.030582628727455718, 0.02932667360073328, 0.027707311169848006, 0.027349489583360663, 0.025555104361912724, 0.02421128749342242, 0.022549634122642718, 0.02211267202014041, 0.02016089347754516, 0.02045643988591318, 0.019047378831965663, 0.019452915864550637, 0.017392423115302296, 0.01759104780802797, 0.016365216336752135, 0.01585366338845461, 0.015253235516951841], "train_accu": [0.3036269430051805, 0.49602763385146864, 0.5761082325849187, 0.6128957973517586, 0.6416234887737502, 0.6648819804260216, 0.6853770869314934, 0.698675877950491, 0.7071387449625774, 0.7233736327000573, 0.7381116868163499, 0.7461715601611978, 0.7605641911341383, 0.7712147380541154, 0.7780656303972359, 0.7921128382268267, 0.8017846862406433, 0.8108232584916533, 0.8211283822682787, 0.8282095567069667, 0.8362694300518142, 0.845365572826715, 0.8592976396085232, 0.8620034542314348, 0.8698906160046077, 0.8797351755901002, 0.8847438111686841, 0.8882556131260831, 0.8989637305699529, 0.907599309153717, 0.9112262521588984, 0.9191134139320718, 0.9236614853195225, 0.9304548071387506, 0.9316062176165865, 0.9351755900978754, 0.9360391479562523, 0.9403569372481352, 0.9443868739205591, 0.949568221070818, 0.950143926309736, 0.956937248128964, 0.9549798503166442, 0.9582037996545832, 0.9573402417962069, 0.9624640184225737, 0.961024755325279, 0.9649395509499188, 0.9666090961427808, 0.9670696603339143], "valid_loss": [0.14384177443893276, 0.1252210458852179, 0.11410300213895086, 0.11119608265188982, 0.10660344367409082, 0.1049363547034802, 0.10325834604864297, 0.10131358661718907, 0.09973018750342356, 0.09891323784735345, 0.0987611497808162, 0.09764880206315749, 0.09693330897164235, 0.09568050706304164, 0.09657219568190212, 0.0944454523043767, 0.0960961387230916, 0.09643316035446484, 0.09496652874838098, 0.09499027197622621, 0.09362298138182147, 0.09520425911443436, 0.09557216818345719, 0.0947472685347161, 0.09633305266259178, 0.09709525213272135, 0.0975426688236678, 0.09868730173107185, 0.09793128364414733, 0.09872231508223211, 0.09948762827273887, 0.09981299215318283, 0.10117165071778171, 0.1014358772003534, 0.10410452455771478, 0.10368262857954073, 0.10347272215243686, 0.10569104556989972, 0.10696933336753381, 0.1102553180049813, 0.10790520639712428, 0.1087425497643787, 0.1122318934155671, 0.11121981355473227, 0.11580071278015143, 0.11319750455993524, 0.11380705680625196, 0.11651070693975597, 0.12014330596306838, 0.1189106032853165], "valid_accu": [0.5894009216589858, 0.6488479262672806, 0.6824884792626728, 0.689400921658986, 0.7000000000000002, 0.7082949308755758, 0.7170506912442397, 0.7078341013824893, 0.7276497695852537, 0.7262672811059913, 0.7304147465437797, 0.7331797235023045, 0.7377880184331805, 0.7414746543778806, 0.7373271889400925, 0.7470046082949316, 0.7382488479262678, 0.7391705069124429, 0.7433179723502309, 0.7447004608294936, 0.7506912442396323, 0.7447004608294934, 0.740092165898618, 0.748387096774194, 0.7470046082949315, 0.7419354838709684, 0.7382488479262679, 0.7364055299539176, 0.7419354838709679, 0.748387096774194, 0.7488479262672814, 0.7405529953917053, 0.7428571428571428, 0.7396313364055301, 0.7437788018433181, 0.7451612903225808, 0.7423963133640554, 0.7368663594470052, 0.7414746543778806, 0.7364055299539171, 0.7451612903225809, 0.7460829493087561, 0.7396313364055302, 0.7428571428571429, 0.7368663594470046, 0.7405529953917053, 0.7419354838709677, 0.7396313364055301, 0.7400921658986179, 0.7387096774193549]}