{"train_loss": [0.09880265185324746, 0.09698918052223506, 0.09664084918069796, 0.0968642934374717, 0.09562339323605402, 0.09627339358460399, 0.0959345018817026, 0.0957943709707831, 0.09452662215624726, 0.0956905906193274, 0.09523304855763144, 0.09402131461444041, 0.0935349072197634, 0.09349879751438155, 0.0927901614327018, 0.09196068119415482, 0.09177293708036838, 0.09224095314219731, 0.0925352113050431, 0.09164864291363219, 0.09069196256923852, 0.09130012895740418, 0.0897179546716244, 0.0907276781690933, 0.09011053059997919, 0.08901384891341843, 0.08776978447923564, 0.08862168654031077, 0.08831143309919653, 0.08823154539446146, 0.08669513891387601, 0.08816215951633717, 0.08721243217587471, 0.08744795082229606, 0.08736224316101707, 0.08732225566855452, 0.08672895113736885, 0.08658809281377941, 0.08555389935936278, 0.0869165125129741, 0.08585411494059238, 0.08727014976558764, 0.08683598503250882, 0.08633425424276794, 0.08743641502181031, 0.08656841405353494, 0.08604118275982679, 0.0866256416543742, 0.08703267921455218, 0.08616884532307394, 0.0866299368694946, 0.08621282197713413, 0.08597194969407103, 0.08590050524659798, 0.08570417654777758, 0.08530983783675163, 0.08632305178715818, 0.08642504873306492, 0.0863516613134418, 0.08557335646140422, 0.08690816192831123, 0.08600092476189246, 0.0862755145857018, 0.0858611909408486, 0.08694840003744893, 0.08743332705115744, 0.08617299891198757, 0.08606152816865985, 0.08650997523938753, 0.08554996243758645, 0.08567661409219984, 0.08625806776830724, 0.08583426688888675, 0.08659240382879588, 0.08609470609801909, 0.08604035024663252, 0.08616065779361277, 0.08667980379409553, 0.08569993337009164, 0.08601927874578956, 0.08641454947916842, 0.08619549030757082, 0.08560683367633248, 0.08637242874003687, 0.08599875553152618, 0.08639321078993997, 0.08595498542869069, 0.08599599323220015, 0.08640417827783807, 0.08665063894914658, 0.08685158226042163, 0.08492255942213382, 0.0863396825189968, 0.08585415781916396, 0.08652585938325903, 0.08599127880529145, 0.08580305543942565, 0.0853367836778884, 0.0863970184002353, 0.0865042456468605], "train_accu": [0.7317208190826975, 0.7386543014996054, 0.7354862755415241, 0.7350587564675962, 0.7343407436639481, 0.7396326624572481, 0.7387419977198982, 0.7414770235902832, 0.7457576953433307, 0.7406439094975006, 0.7411344602297641, 0.7474348855564324, 0.7453630623520126, 0.7454397965447689, 0.7503343418398667, 0.754450583179865, 0.7562675392440585, 0.7516607471717969, 0.7500520696307988, 0.7571609444882925, 0.7572459002017012, 0.7552288871349645, 0.757045843199158, 0.7607811540822591, 0.7565854380426204, 0.7610990528808208, 0.7640039901780233, 0.7615621985442427, 0.7638094141892485, 0.7625707050776112, 0.7695644786459704, 0.7628858633692888, 0.7672021617118302, 0.7654482373059721, 0.7665142944839077, 0.7657908006664913, 0.7690136367622555, 0.7711704156800842, 0.769558997632202, 0.7676899719372094, 0.7745412391475927, 0.7683230290274489, 0.7710279093221082, 0.7696165482767693, 0.7695644786459704, 0.7719240550732264, 0.772669472945716, 0.7644698763483293, 0.7679475795843199, 0.7703345610804174, 0.7688683898973955, 0.7686655923879682, 0.7701646496535999, 0.7710854599666754, 0.7722008462685258, 0.7708525168815225, 0.7705647636586863, 0.7692438393405244, 0.7711430106112427, 0.771255371393493, 0.7674871744277821, 0.7693315355608173, 0.7703647066561431, 0.7711457511181268, 0.7667143514864508, 0.767805073226344, 0.7726667324388319, 0.7731600236779794, 0.7690108962553714, 0.7732120933087784, 0.7738752959747435, 0.7707182320441989, 0.7724666754362887, 0.7727845742348505, 0.7721789222134526, 0.7723844602297641, 0.7703948522318688, 0.76812571253179, 0.772294023502587, 0.7682599973691133, 0.7717459221257564, 0.7717514031395247, 0.7739054415504691, 0.7720391563623609, 0.7686984784705779, 0.7705400990967289, 0.7723488336402702, 0.7722309918442515, 0.7703647066561431, 0.7647548890642814, 0.7710005042532666, 0.7782217398930106, 0.7699645926510568, 0.7742808909935982, 0.7695014469876349, 0.7735902832587915, 0.7758046128211874, 0.7708333333333334, 0.7688135797597123, 0.7700221432956239], "valid_loss": [0.10349373420809999, 0.10350634743843008, 0.10320101782460422, 0.10314696221886312, 0.10304951952660785, 0.10286575276404619, 0.10281163251356167, 0.10285824153791456, 0.10254022988545544, 0.10250671607825686, 0.10222205152625546, 0.10218864169848316, 0.10215173787711297, 0.10204335482900634, 0.10191097740522202, 0.10186537464751917, 0.10176639472517897, 0.10161127100753434, 0.10157015169148936, 0.10164080423248165, 0.10148719068178359, 0.10116779683705639, 0.10116109158843756, 0.1013003322569763, 0.10108809496330864, 0.10092623093548943, 0.1009022575967452, 0.10074354702716365, 0.10072183340568752, 0.10056925230823896, 0.10058780162430861, 0.10048463902271845, 0.10041935237891533, 0.10042706833166234, 0.10041232226306901, 0.10039786211050608, 0.10037046221687514, 0.10031044329790507, 0.10031715731191285, 0.10028797645560082, 0.10030296170974479, 0.10026896290261955, 0.1002735100029146, 0.10026114368263413, 0.1002579480957459, 0.10026413892560146, 0.10026129850131624, 0.10026317988248433, 0.10025750993586638, 0.10025646395104773, 0.10025170122218482, 0.10024965302470852, 0.10025039528880049, 0.10024833876420469, 0.10024762926075388, 0.10024777394445504, 0.10024725059595178, 0.10024681950316709, 0.10024673387627392, 0.1002462392892031, 0.1002460610231056, 0.10024558604859254, 0.1002450363491388, 0.1002450288985582, 0.10024500928600044, 0.10024489818469566, 0.10024480165585, 0.10024469022584312, 0.10024458580814741, 0.10024445586125641, 0.10024435993503122, 0.10024428323787801, 0.10024420648594112, 0.10024416572688256, 0.10024414107422619, 0.10024409708293046, 0.10024407451205394, 0.10024407111546572, 0.1002440639935872, 0.1002440585700028, 0.10024405840565176, 0.10024405769346391, 0.100244055447333, 0.10024405528298196, 0.10024405511863091, 0.10024405413252466, 0.10024405484471251, 0.10024405407774098, 0.10024405391338993, 0.10024405566646773, 0.10024405391338993, 0.10024405506384723, 0.1002440542968757, 0.10024405511863091, 0.1002440542968757, 0.10024405550211668, 0.1002440542968757, 0.10024405484471251, 0.10024405506384723, 0.10024405506384723],