{"train_loss": [0.24785729411828905, 0.18879180975592547, 0.16175537600969156, 0.14770265126055337, 0.1373431405827416, 0.13008400850594307, 0.1247511533274919, 0.12070486550084204, 0.11830037112758153, 0.11414347764959751, 0.1114715051623479, 0.1087391197766614, 0.10603178039081755, 0.10346717757018072, 0.10295183331645835, 0.09939898398812129, 0.09815339909222635, 0.09573753027240488, 0.0938416192227796, 0.09222627833007246, 0.09033853353452505, 0.08871379396210612, 0.08590297218127112, 0.08529618573633065, 0.08166039889562046, 0.08034629446987583, 0.07826876940439957, 0.0762745061727108, 0.07448981549810346, 0.07286059401975248, 0.07027328414424742, 0.0680774276553536, 0.06522056511574627, 0.06311468392030624, 0.06094104782723238, 0.05928900387636144, 0.057070381071978794, 0.05454558106393225, 0.0530307685396091, 0.05106132389181404, 0.049092646041129805, 0.047292848873683624, 0.04528349882651943, 0.04268535687493958, 0.04080211697883491, 0.03882237755519026, 0.037295280965765905, 0.03596623966420395, 0.03489685168988649, 0.032894145882984976], "train_accu": [0.2500000000000002, 0.42370272647317514, 0.5149956024626208, 0.5679419525065968, 0.5975373790677229, 0.6226473175021985, 0.6401055408970976, 0.6532981530343013, 0.6629727352682493, 0.6770448548812659, 0.6837730870712403, 0.6917326297273535, 0.7006156552330695, 0.7087071240105534, 0.7097625329815298, 0.7208443271767804, 0.7241864555848735, 0.733157431838171, 0.7379067722075635, 0.7416007036059807, 0.745778364116094, 0.751802990325418, 0.7616974494283203, 0.7635004397537384, 0.7744503078276168, 0.7796833773087066, 0.7829815303430074, 0.7913808267370266, 0.7981090589270008, 0.8001319261213719, 0.8108619173262982, 0.8160510114335959, 0.8232629727352676, 0.8333773087071235, 0.8357959542656107, 0.842216358839049, 0.8497801231310459, 0.8562005277044845, 0.8612576956904142, 0.8660070360598069, 0.8725153913808273, 0.8753737906772204, 0.8844327176781002, 0.8922603342128423, 0.8981970096745844, 0.902638522427442, 0.9065523306948139, 0.9134564643799503, 0.9152154793315769, 0.9199648197009694], "valid_loss": [0.16521065890580625, 0.1374400573802161, 0.12367165278825727, 0.11577637746304899, 0.11142470619895241, 0.10794508553572468, 0.10384586758234284, 0.1032454427201431, 0.1027561487903545, 0.09924936159090562, 0.09855168031437414, 0.09780885583975098, 0.09622581824139281, 0.09514928981661797, 0.09393564670288063, 0.09323940857254959, 0.09244709657309773, 0.09277057440599779, 0.09153554141781964, 0.09168356018779161, 0.09202028934720095, 0.09071688030983184, 0.09028779045789392, 0.09031414829350852, 0.08986805938184261, 0.08954086829419736, 0.08876019118392801, 0.08911753624312944, 0.08796729686689543, 0.08810112738682256, 0.08750699618114875, 0.08874846632768224, 0.08779488682382174, 0.0871385614667739, 0.08756287317801188, 0.08718617151041964, 0.08769861332603268, 0.0878704175535407, 0.08718015214467383, 0.08759446020101334, 0.0890705730844211, 0.088327439645162, 0.0880309724984886, 0.0878012165349055, 0.08926336998706097, 0.08902998807859587, 0.08881820751341073, 0.08994665017703196, 0.08972046314575872, 0.08948866109904292], "valid_accu": [0.528321678321678, 0.608391608391608, 0.648951048951049, 0.6769230769230768, 0.6874125874125873, 0.7045454545454544, 0.7136363636363638, 0.7153846153846154, 0.7157342657342657, 0.7276223776223774, 0.7272727272727274, 0.7304195804195801, 0.727972027972028, 0.734615384615384, 0.7444055944055942, 0.7458041958041953, 0.7426573426573424, 0.7493006993006992, 0.7465034965034965, 0.7524475524475525, 0.7412587412587411, 0.7465034965034963, 0.75979020979021, 0.7499999999999997, 0.7548951048951048, 0.7555944055944055, 0.7618881118881119, 0.7576923076923076, 0.7527972027972027, 0.7552447552447552, 0.7615384615384614, 0.7555944055944055, 0.7597902097902095, 0.7653846153846151, 0.7625874125874126, 0.7664335664335666, 0.7615384615384618, 0.7573426573426574, 0.7692307692307694, 0.7643356643356644, 0.7636363636363639, 0.7604895104895104, 0.7667832167832168, 0.7702797202797208, 0.7590909090909093, 0.7650349650349655, 0.7695804195804199, 0.761888111888112, 0.7671328671328674, 0.7688811188811192]}